Sentiment,SentimentText,Index
0,                     is so sad for my APL friend.............,0
0,                   I missed the New Moon trailer...,1
0,          .. Omgaga. Im sooo  im gunna CRy. I've been at this dentist since 11.. I was suposed 2 just get a crown put on (30mins)...,2
0,         i think mi bf is cheating on me!!!       T_T,3
0,         or i just worry too much?        ,4
0,       Sunny Again        Work Tomorrow  :-|       TV Tonight,5
0,      I must think about positive..,6
0,      this weekend has sucked so far,7
0,     jb isnt showing in australia any more!,8
0,     ok thats it you win.,9
0,    &lt;-------- This is the way i feel right now...,10
0,"    awhhe man.... I'm completely useless rt now. Funny, all I can do is twitter. http://myloc.me/27HX",11
0,    HUGE roll of thunder just now...SO scary!!!!,12
0,    I just cut my beard off. It's only been growing for well over a year. I'm gonna start it over. @shaunamanu is happy in the meantime.,13
0,    Very sad about Iran.,14
0,    wompppp wompp,15
0,   &lt;---Sad level is 3. I was writing a massive blog tweet on Myspace and my comp shut down. Now it's all lost *lays in fetal position*,16
0,   ...  Headed to Hospitol : Had to pull out of the Golf Tourny in 3rd place!!!!!!!!!!! I Think I Re-Ripped something !!! Yeah THAT !!,17
0,   BoRinG   ): whats wrong with him??     Please tell me........   :-/,18
0,   can't be bothered. i wish i could spend the rest of my life just sat here and going to gigs. seriously.,19
0,"   Feeeling like shit right now. I really want to sleep, but nooo I have 3 hours of dancing and an art assignment to finish. ",20
0,   I didn't realize it was THAT deep. Geez give a girl a warning atleast!,21
0,   I hate it when any athlete appears to tear an ACL on live television.,22
0,   i miss you guys too     i think i'm wearing skinny jeans a cute sweater and heels   not really sure   what are you doing today,23
0,  -- Meet your Meat http://bit.ly/15SSCI,24
0,   My horsie is moving on Saturday morning.,25
0,   No Sat off...Need to work 6 days a week ,26
0,   Really Dont Like Doing my Room Its So Boring  Sick Of Doing My Wardrobe Out Cant Waiit Till I Have My Walk In One  Yay,27
0,"   SOX!     Floyd was great, but relievers need a scolding!",28
0,   times by like a million,29
0,   what type of a spaz downloads a virus? my brother that's who :\ MSN is now fucked forever    :'(,30
0,  &amp;&amp;Fightiin Wiit The Babes...,31
0,  *enough said*,32
0,  @Spiral_galaxy @YMPtweet  it really makes me sad when i look at Muslims reality now,33
0, - All Time Low shall be my motivation for the rest of the week.,34
0,"  and the entertainment is over, someone complained properly..   @rupturerapture experimental you say? he should experiment with a melody",35
0,  another year of Lakers .. That's neither magic nor fun ...,36
0,  baddest day eveer. ,37
0,  but i'm proud.,38
0,  congrats to helio though,39
0,  David must be hospitalized for five days end of July (palatine tonsils). I will probably never see Katie in concert. ,40
0,  friends are leaving me 'cause of this stupid love  http://bit.ly/ZoxZC,41
0,  Hand quilting it is then...,42
0,  hate u ...  leysh t9ar5 ... =((((((( ..,43
0, - I love you guys so much that it hurts. http://tumblr.com/xkh1z19us,44
0,  I miss Earl,45
0,  I miss New Jersey,46
0,"  I missed the first hour of SYTYCD last night, and I can't find it online!",47
0,  I need a U2 fix NOW!,48
0,  I never thought I'd become second choice...,49
0,  I think I may be too friendly...lol... o well...,50
0,  I think Manuel (my Basil plant) only has days to live   ,51
0,  I wanna be at home @ church...I wonder wht they are doing?,52
0,  i wanna make my own pizza,53
0,"  i want a 120gb harddrive, or a 37 inch tv, or a new guitar.  anyonefeeling generous?  =p   x",54
0,  i want a hug,55
0,  I want Miley to tour Australia,56
0,  I wanted to sleep in this morning but a mean kid through a popsicle stick at me head. I wish I could fly away like those squirrels,57
0,  i was too slow to get $1 Up tix,58
0,"  I will send sunshine to Northern Ireland, are you going swimming today @kezbat",59
0,  I wish I could go to T4 On The Beach :'(    Would be great to see @Shontelle_Layne &amp; @DanMerriweather   ,60
0,"  i would be so much happier if the walls of my bedroom were painted white,",61
0,  idk wat 2 do who can i trust me im sorry 4 all da pain i have caused nebody ima take dis time out 2 straighten myself out i luv yall,62
0,  I'm finding the intercept slope..and banging my head against the wall..Math brain heads come save me,63
0,  im sick  'cough cough',64
0,  in cab headed to the airport!  going home.... &lt;christy&gt;,65
0,  In case I feel emo in camp (feeling a wee bit of it alr)...am bringing in the Human Rights Watch World Report 2009..hope it'll work,66
0,  jonas day is almost over... ,67
0,  Jus Got Hom Fr. TDa Funeral... I'm So Sad! I Cried So Much Times! Much Love Grandpa!&lt;3 I Never Got To Say My Last &quot;Goodbye&quot; to Him.,68
0, - Longest night ever.. ugh! http://tumblr.com/xwp1yxhi6,69
0,  mi momacita won't let me go to my bf's bball game!!! grrr!!!,70
0,  Mom says I have to get a new phone IMMEDIATELY....off to T-Mobile.  she paying....,71
0,  My new car was stolen....by my mother who wanted to go pose at church.,72
0,"  no hang out with the girls 2day. 2moro, hope so......",73
0,  no movie times for sunday!  Rats will have to plan tomorrow. I guess this means I have to work on those two  presentations I am doing!,74
0,  no pavel tonight &lt;Tigersfan &gt;,75
0,  not a cool night.,76
0,  probably guna get off soon since no one is talkin no more,77
0,  really wanted Safina to pull out a win &amp; to lose like that...,78
0,"  RIP, David Eddings.",79
0, - sannesias: Aww no neighbor! We need to watch Mean Girls :] http://tumblr.com/xv31s2pi8,80
0,  so whats the status on next weekend,81
0,  sorry @gigi4462 The Ex Husband has overdosed on his daily dose of haterade,82
0,  Thanks for your definition of throwbie!  Editors reviewed your entry and have decided to not publish it.,83
0,"  told not to drink w/my Rx so just gave all the b.b. porter &amp; obs. stout that I brought home from OR to my neighbors.  v, v, sad.",84
0,  u guys knw whyy,85
0,  very much so ,86
0,  waahhh now I'm getting sad....miss hub :-'(&quot;&quot;&quot;&quot;&quot;&quot;&quot;&quot;,87
0,--  we were standing out in the pouring rain.. We were sitting on top of the world..  --   summer sucks      --,88
0,"  Went to get dog from vets, theyve stitched her ear, charged us for it but she still bleeds like a waterfall everytime she moves. D: WHY!",89
0,  where is my picture i feel naked ,90
0,  Why aren't there any trains going to manchester on a sunday?!!  Now I can't go to the @jonasbrothers concert.,91
0, - Why must people be so picky. I mean 6 hours work and no dice!? whatï¿½s up with that! http://tumblr.com/xsg1m3ufn,92
0,  Why Twitter will soon become obsolete? http://www.imediaconnection.com/content/23465.asp,93
0, - You: hi Stranger: HELLO I AM FRANK LAMPARD HOW ARE YOU You: fine You: and urself Stranger: i am gay Your... http://tumblr.com/xaj24dkly,94
0,  you'll always be my one and only...  [12*23*2007],95
0, #3turnoffwords this shit sucks,96
0, #asylm J2 panel is over. Guess it's back to normal life.,97
0, #squarespace brighten my bad day! i never win anything...,98
0," #Susan Boyle didnt win! mh well, diversity was very good though! CONGRATZ!!",99
0, #twenty20,100
0, &lt;3 GrAdUaTE 09&lt;3,101
0," &quot; Vandals paint swastikas on home of author of gay, lesbian church story : Naples Daily News&quot; ( http://bit.ly/11zyzl )",102
0, &quot;An unknown error occured (-4)&quot;. uh oh. iPhone OS 3 fail so far ,103
0, &quot;experts (homers) predict Eagles to go 12-4 and Giants to go 9-7/ BS! http://www.dailysportspages.com/forums/showthread.php?t=49343,104
0, &quot;I want you so bad it's driving me  mad&quot;,105
0, &quot;Try to turn on my tv to get you out of my head. I've got this feeling inside that I just won't admit...&quot; (that is literally how I feel),106
0," &quot;well, the truth is I miss you so&quot;- Coldplay",107
0, (tears) :'-( Today is the last day with my kids...They go on summer break at their Dads tomorrow. *sighs* http://plurk.com/p/x8j86,108
0, (unsure) (annoyed) http://plurk.com/p/1230lz,109
0, (via @designrelated) are designed gallery exhibition postcards/mailers going extinct? via NYT http://ow.ly/fHJc,110
0, *BeautifulyLost,111
0,- *cries* I'm going to miss Harry Potter when it comes out.  I'm leaving to Vietnam on July 11th.  I'm going to cry!!,112
0," . . . . going back to bed, because I'm lookin' around and don't see a reason to be awake atm. Be up in a little.",113
0, .. i wantt hiim soo badd !!,114
0," .. watching tv , bed, shopping w. mom, out w. trent hopefully, i need my best friend",115
0, ... had weird encounters with so many homeless/creeps on the walk home tonight all by myself   awesome... really...,116
0, ... Rained out truck race,117
0, ... Why am I feeling worse??? F!!!,118
0, .... Feeling pain and happiness at the same time. How confusing!,119
0, ....in a shirt and panties. celulite,120
0, ..had to turn back to North due to body on line. So missing Design Council Design 4 Tech Transfer event   http://bit.ly/pXrzV...,121
0, ..y everything is so hard? :/,122
0, .bueno good bye. good night,123
0," : Let's have fun,. When I give ya what I give ya.",124
0, :[ I don't want to move!!!,125
0, @ the train crash in DC .....,126
0, @alvinkschneider what happened to angels and demons and lions and tigers and bears!?,127
0, @AmericanWomannn Well that sure minimizes the impact...LOL,128
0,"- @Darcy_Lussier @lkrammes I went to work once last year with no pants. Ironically, that was my last day of work at that job. FML ",129
0, @dreamingspires. there r many gr8 science cartoons http://bit.ly/6EW4Q http://bit.ly/gXH3q http://bit.ly/18sjXI http://bit.ly/KEAy2,130
0,- @Em91 Edinburgh fringe is only 10 weeks away?! I need monies  Btw I'm Elliott from @angryfeet - blame @howlieT for the Twitter intrusion,131
0," @emilymariie why didnt you come to school?? have you done the short stack thing by yourself, or do you still need me?",132
0,"- @EvertB which one? http://bit.ly/10o8LW, http://bit.ly/Nh82S or http://bit.ly/wr8Vz - latter for the US Store only  #iphone #comics",133
0, @georgediaz #Magic ..thinking less than 50 % chance Hedo stays in Orlando. He's gonna go for the $$. They all do. Can't blame him though.,134
0, @Glamicole ..now who wud make this beautiful plc cry?,135
0, @HaterMagazine: @damienrandle it is now the outer fat kid.,136
0," @hellopnsdear se MORREA a mi Joseph, no no se vale.",137
0, @jonasbrothers Why is your YouTube account suspended? lol Single Ladies dance? I NEED TO WATCH IT AGAIN!,138
0,- @JuicyJones I know.. SOLD OUT though. ,139
0, @katiedontcry should get on aim and talk to me. i miss her.,140
0, @kvetchingeditor's kashrut convo makes me want to keep more kosher but my roomies catholic &amp; he has a pork loin in the fridge #kosherFAIL,141
0, @Leloz isn't home neither is @sozi1 ... @althani96 U BETTER HAVE IT!!!,142
0,"- @littlecharva - I'm immune to dentists' drills etc now, it just doesn't bother me at all. Having gum lift surgery next week tho *eek* ",143
0, @lolife4life where r u tonite im still awake!,144
0, @lorinimus hates Bebot App,145
0, @Oneshine What are u referring to?,146
0, @plmusic22,147
0,                                     I miss her so much already...,148
0,               just practising.....how I feel       ,149
0,            Miss my love Jamie,150
0,          FUCK YOU!,151
0,        my head feels like a bowling ball,152
0,        my heart hurts badly...,153
0,       FS keeps crashing when I try to load Bungie plane.,154
0,      My current headset is on its deathbed now!  My dad gave it to me just 3 weeks back!    ,155
0,     ....    My mood is currently BLAH . Sitting in a parking lot,156
0,    ...that is all.,157
0,    everyone went home. and not everyone was even here! ~CMF &lt;3,158
0,    fed up....,159
0,"    fuck, fuck, fuuuuck!",160
0,"    Not feeling it today     And to make matters worst its super nasty and rainy outside, YUCK!",161
0,   @Beansummer,162
0,"   Awwwwwh  i wanted Aiden Davis 2 WIN, i &lt;3 him so bummed he didnt ",163
0,   bed time now....,164
0,"   Friends like these ... no thanks, I'm not fake! ^ ^",165
0,   i think my bf is cheating on me!!!!     ,166
0,   i want an octo drive,167
0,"   I want to display my pretty voltron!  Upside, I get two pretty voltrons!",168
0,   i want to find a way to put my photos on phone here i have Bluetooth in both phone and computer but it doesn't work,169
0,   IN an effort to bring you the best content we just added at lease 30 hours to the release of The digital Rapture.  soon... hang tight,170
0,  --- is our response to what happened today. and that is all.,171
0,"   J, you are right... it hurts.",172
0,"   kinda but not really, but kinda ",173
0,"   let's have a moment of silence for our childhood homes... sadly, it can't be replaced and we can never go back",174
0,"   No man is worth your tears, and the one that is won't make you cry!",175
0,   rain rain go away!,176
0,   storms are scary!,177
0,   Tell those girls your clocking out lol,178
0,   the batt to my internet connection died.  Guess its back to the mobile!,179
0,   www.apple.com/iphone now has it for the 18th   ,180
0,  #squarespace #trackle  no apple iphone card for us  maybe tomorrow! I guess it helps if you tweet it huh?  We forgot ,181
0,  (unsure)  (hassle)  (:  (music) http://plurk.com/p/yq08l,182
0,                                           exhausted,183
0,          i want some ben&amp;jerrys cake batter please ugh,184
0,"        wish ella was on or somebody,,,,",185
0,      i think i'm going to go 3 a long drive then when i get to the pacific ocean open my car door and throw my pc in the ocean,186
0,      what the hell BBC?,187
0,     #canucks,188
0,     I dont like this weekend.. Huhuhu ( (,189
0,     I'll get on it right away!,190
0,    ...lonely night,191
0,    blue does not work      ,192
0,    geez I'm feeling their pain,193
0,    i miss my summertime daley.,194
0,"    on the computer ... . . . . . . *ill*    lol,       no fuckin goin to portugal        ",195
0,    UGHHHHHHHHHHHHHHHHHHHHHHHHHHHHH,196
0,   #Battleground,197
0,   Awwwwwh  i wanted Aiden Davis 2 WIN  i &lt;3 him so bummed he didnt ,198
0,   Curtain drops at the Crown Uptown after 32 ye http://www.kansas.com/news/featured/story/860875.html,199
0,   eh  must leave New Mexico and soon!,200
0,   fail maths  i knew it i was just too slow ,201
0,"   From Gongwer OH Report, sounds like leadership still considering library cuts, not considering tax increases. #saveohiolibraries",202
0,   fuck sake. Why can things never work out for me?,203
0,"-   going in town todaÑ‡ with mÑ‡ cousinnn, [Ñ‡]     netball match was cancelledd ",204
0,   hoping to see my baby girl,205
0,   i don't even know.,206
0,   I just lost a member of my family ,207
0,   I'm SICK of bedtime battles   ,208
0,   i'm so cold this morning......       i have chills all over.....   ,209
0,   Just... ,210
0,   No no no. Tonight goes on the books as the worst SYTYCD results show.,211
0,   no shopping   ,212
0,"  - Poor lil mousey, just out enjoying the sunny day. I don't think I'd feel so bad if it was a big gnarly rat though. Dbl standard? Yep.",213
0,  -- that's an EPIC sad face.,214
0,   This magazine story just broke my heart at the dentist's office today:  http://tinyurl.com/ngbq2c,215
0,   wanna go meet wifey but can't....  this sux   :'(,216
0,   Wondering why I feel like I do...I'll feel better though...Its all good! I'll be happy inspite of...Tweet ya lata ,217
0,  #IranElection - no one realizes how deep this goes.,218
0,  &gt;. Bodies from Air France crash have been found  http://twurl.nl/dvu8be (via @Paisano ),219
0,"  &lt; that is the story of my life, a whole bunch of frownies!",220
0,               I HAVE NOOOOOOOOOO FRIENDS ON TWITTER IT MAKES ME SAD WILL SOMEONE FOLLOW ME      ,221
0,             i just want to hear from you. i guess that's asking too much..,222
0,       i really2 don't like this condition. sucksssssss,223
0,"       Orlando Lost  The Series. Oh Well, Maybe Phoenix, Or Boston, Or Cleveland (The Teams I Like) Will Make It Next Year!",224
0,      rinitis sucks!!!!!,225
0,     &gt;( &gt;(  i'm mad and sad right now. Played so terrible today in both soccer and basketball.,226
0,     &lt;- but mustache man is not that desperate,227
0,     &lt;--------- my face because i'm missing zoro tonight.,228
0,     @riceuniversiity I know huh @Kouture85 Im bout to cry@Ahmier thanks Marco! *muah*,229
0,     angry,230
0,     sry matt 2 hear that (,231
0,     what the fucccckkkkkkkkkk,232
0,    Bye World!!!!!!,233
0,    i couldnt even have one fairytale night,234
0,    I'll be working when Pottercast/Lupins/Willows come near me.  FAIL.,235
0,"    My cell phone screen is dead.  Sooooooooooo, no texts and I don't know who's calling.  Fuuuuuuuuuuuuuuuuuuuuuuuuuuuuuuuuuuuuuuuuuuuck",236
0,"    NO MORE SICKNESS. strike i say STRIKE! ohhhh well, 'nother day off school i guess",237
0,    Nobody likes Year One in the reviews I've read. I'm disappointed. But maybe now I'll like it more since I'm not expecting much..,238
0,   (must i say more?),239
0,   *old me's dead and gone*,240
0,   ... have to go now ??? 13 more minutes   ... please please please,241
0,   awwwww i really hate this.,242
0,   bad day.,243
0,   bad day.....damn you @311. What kind of ticket sale was that.....,244
0,   Boston Globe could be shut down in 60 days http://sbne.ws/r/vWc,245
0,   bye guys!!!! i'ma miss ya'll sooo sooo much! but don't worry i'll be back on monday!!! have an awesome weekend!!! peace!!!!,246
0,   can i have some followers :' ( ... i'm so sad...    NOW THAT I'M LOSING HOPE -pressure,247
0,   Couldn't bless'd da mic w/ my bra's in music 2day @ERiceOnTheBeat @moneybagzfam1st @circustk,248
0,   CRY CRY CRY   ,249
0,   F**kn day...,250
0,   Goodnight   ,251
0,   grandma is very sick. not doing well. going to the emergency room.,252
0,   I am going to shed tears if the Cavs have to go home tonight. Like seriously,253
0,   i am soooo sad...at this point of night i'd be cuddling with jonathan like i did for 4 years,254
0,   I hate you forever.,255
0,   i missed it,256
0,   i still Feel like a Douchebag,257
0, @sommacolada never answering my im's,258
0, @squarespace it's now fathers day and you haven't picked me...yet. I kind of want to incessantly bother you...#squarespace,259
0, @TheIanCrawford is no longer in the Cab. To say I'm heartbroken is an understatement... good luck with everything! you're amazing ian.,260
0, @va_songstress broke my twitter..,261
0, @warbo is off clubbing... must come over to sheffield sometime &amp; party but really probably shouldn't atm. a tech conference is a conf etc,262
0, @xxkirahxx is fulfilling my life's ambition 2 go 2 a Jonas Brothers concert + I went 2 HMV and the new album is already sold out! Why me?,263
0, @zochula just yelled at me for picking apple store over food.,264
0, 1 of me cats kittens died only 3 days old too..RIP ming.,265
0, 1 week before the palm pre comes out and my centro dies. I have a temp phone but my contacts aren't transfered yet. #sadpanda #fb,266
0, 3 hrs on da phone...lol dude is hilarious,267
0, 5 gb of video to upload to utube :O dam sony vegas making it so big ,268
0, 50% of the new footwear labeling norm is definitions that are never referred to in the document. Who wrote this up?,269
0, a big angry spider was crawling in my blankeys  i flicked it to the floor and cant sleep now,270
0,- a couple years of sickness all piled up to this one day ,271
0," a fly just landed in my green chile stew. i've never been big on killing bugs, but this asshole asked for it. There goes my appetite",272
0, A_ just got the same handshake in her meeting. Vibe here sucks,273
0,  (Jonah:whats a tweet!?) SHARON!!!!!!!!!!!!,274
0,  alice is beating be at my scooby doo board game!,275
0,  anyone have any advice on how to cope with a break up?,276
0,"  arrrrrrrgggggggghhhhhhhh!!!!!!!!!!  that's it, all lines of communications are temporarily suspended! ",277
0,  but i understand.,278
0,  cars being inspected today gonna cost me over 600 dollars ,279
0,  e is OUT!,280
0,  everythings wrong.,281
0,  Exercise 2 build muscle mass is only thing that speeds metabolism: http://tinyurl.com/bvagbj,282
0,  friends dying is just horrible.,283
0,  He was the best there.,284
0,  Hungover........ and craving chocolate! OMG how funny was the pub last night!! LOL,285
0,  I dont want my sister to leave me for the whole summer!,286
0,  i hope everyone is at church so i can just go to my concert in peace on wed.  dont have to worry about rushing back to church to visit,287
0, - i just spilt the last of my jordans cereal on the floor iâ€™m distraught http://tumblr.com/xxw2329lh,288
0,  I miss my family and friends.,289
0,  I see I missed the nectar sucking dirty talk ;),290
0,  I want a freaking puppy now! A cute little black yorkshire terrier.,291
0, - I want irissa back http://tumblr.com/xpn1wrj48,292
0,  I'm glad diversity got through...but what about stavros!  ,293
0,  I'm out of Nutella  ,294
0,  is it rlly tht serious? I'm abt to go thru my fonebook...,295
0,  it is on environmental studies and driving me mental,296
0,  I've always seen bits &amp; pieces of Shottas. now I've seen the whole movie...it ends sooooo sad   I'm gonna cry.  ,297
0,  Just found a bone in my chicken nugget    Not cool,298
0," - Like I said, my back still fucking hurts and Iâ€™m going to complain about it like no oneâ€™s business.... http://tumblr.com/x6n25amd5",299
0,  my aunties dog is getting put down  hes my dogs brother aswell ,300
0," - my head feels like its going to explode - mmm, what a horrendous image... the mess!",301
0,  my head is killing meee,302
0," - My name is Amy. Iï¿½m only three My eyes are swollen I cannot see, I must be stupid, I must be bad What... http://tumblr.com/xfj1uain0",303
0," - my picture with Kris Karmada is gone forever, its not in my comments, on my mysapce or on my... http://tumblr.com/xzg1wy4jj",304
0, Â«Confirmed: Missing Air France Flight 447 has Crashed in the AtlanticÂ»: http://bit.ly/BxdVL,305
0, about 1/4 of my myspace comments are gone. cause someone hacked onto wills account. and kept abusing others so he had to delete it.,306
0, about school....... it will all be over soon can't wait to celebrate            STRES till then,307
0, abt missing Air France plane. Follow here for best air news source:  http://tinyurl.com/m2p6yk,308
0, AFI are not at reading til sunday this sucks !!!!!!!!!,309
0," after a crap night was looking forward to being cheered up, but no. Never mind.",310
0, ah the postman didn't have my package. What am I goon to do for the rest of the day.....,311
0," Airport Express doesn't rock enough to allow wireless scanning with the Canon pixma MX310, but otherwise it's wireless goodness.",312
0," Alistair's friends are all in the kitchen and I'm in my pjs...I JUST WANT A CUP OF TEA, DAMMIT!",313
0, all day.. no play.,314
0, all dressed up and no bicyclist for Monday nite ride n Henderson KY http://bit.ly/10H4ne,315
0, all I want is my ma in my arms  that's all I want is you in my arms,316
0, all my friends are gone haley n katie @ camp Paris @ moms Landin n Ayonna @ aunts n moms im so bored,317
0, all nighter. yeeeeeeeeeeeessshhhh what a nightmare up coming 2 weeks. cannot wait to graduate!,318
0," All those Non-Robsten posts are making me sad. I mean, I knew that, but to see it from others in words. So sad.",319
0, allison didnt win. She should have.,320
0, almost time to leave.,321
0, already getting sleepy...I really want to get my psych quizzes done tonight...,322
0," am i losing my mind cause i wanna see my.TC on TV right now, this min? FU2 i want 2see CandyGirls!! not Daisy -dammit!! @iluvTerricka",323
0, am sad to say i didn't get my results today somehow the school forgot to mail my results to me?? Typical. Ugh,324
0, And how can you mend a broken heart?   â™« http://blip.fm/~8k7kl,325
0, and I think that's why I felt really sick and depressed in school today cuz of all the stress.. I'm glad I got that off my chest :/,326
0, and i was just starting to get confident in myself! you have torn me down!,327
0, another 45 mins....,328
0, another early day,329
0, another father's day weekend I don't get to spend with my dad..,330
0, anticipating a tough day ahead,331
0, anyone know if Ghostbusters is region free on 360?? and where to get a US copy in Britain if it is,332
0, - ?oVe&lt;33,333
0,  6:30...what's wrong wit it?,334
0, - alergic... nose itchy and eyes burning... Hope It's getting better soon....,335
0,  and they KEEP on coming!   xox,336
0,  Another expensive weekend trip to the vet.,337
0,"  are there any parties tonight!? im hella bored at home, and its seems like everyone is busy!! LAMMMMEEE",338
0,  but chilli prawns will make the pain better...,339
0,  daughter's beloved diabetic dwarf hamster died in her hands this morning...all creatures are worthy of love. â™¥,340
0,  DD has pinkeye...not fun.,341
0, -- Farrah Fawcett Dies of Cancer at 62 - ABC News http://bit.ly/akQLD (via @Turner),342
0,  feeling hopeless and useless.,343
0,  forgot my lunch at home,344
0,  General Motors sold hummer :S :S,345
0,  goodnight..,346
0,  gooood night!!   must prepare for tomorrows meeting now,347
0, - Great! Im bored at the moment and just have no idea on what to do!  Missing Boyfie too! Damn iâ€™m... http://tumblr.com/xzp224xgj,348
0,  http://bit.ly/18xobk Five Guys Locations Closed After Visit from &lt;em&gt;Inside Edition&lt;/em&gt;'s 'Rat Patrol' @dcist,349
0,  I am actually crying now because of sore throat.,350
0," - I feel irresponsible and sort of horrible. Marshmallows, unless otherwise stated, have gelatin. fuck... http://tumblr.com/xl21pafgm",351
0,  i miss my brother.. i worry about him.,352
0,"  i need to think of something else, first. ",353
0,  i wanted julian to win!,354
0,  jus got some bad news,355
0,  just mean,356
0, - Limp Bizkit - Rollin' #SongStuckInMyHeadWhenIWokeUp,357
0,"  ''Love, save the empty''",358
0,  my camera broke !,359
0,  my parents left,360
0,"  Nadal is out @ French Open ... now, to my back-up -- Go ANDY RODDICK!",361
0,"  no ass beatings, checked out Playhouse in Baltimore this weekend as well.  Feeling quite rested and a bit out of sorts.",362
0,  nothing....,363
0,  ok we'll talk about your boyfriends and stuff tomorrow ;) lmao and we'll talk for real soon too!! wooo hehe ilysfm doodle xxxx,364
0, - server problems - motivating me to change hosting providers though... #fb,365
0,  shakes head,366
0,"  Shock loss to Sparks...bummer, @tmmcwilliams had a great game but shock too many injuries to start the season...rematch Monday!",367
0,  some asshole got a hold of my email and signed me up for all this spam mail.  ughhhh...it's non stop.  anyone have a spam blocker?,368
0,  someone just said ast least your pretty  . thanks but but being pretty gets you nowhere you have to much integrity .,369
0,  myspace peOplE  can get really angry if I don't answer them right away... JA!,370
0,  never get any photo comments on m space and more,371
0,  no tickets in germany for the miley cyrus tour.. ,372
0,"  photo shoot rained out...  oh well, back to post!",373
0,  RIP Charles J ...the world is with one less fine fellow,374
0,  RSL was at the Paley talk?! Now I'm even more depressed I couldn't get a ticket. Oh wells. ,375
0,  so bored,376
0,  so much for a good weekend,377
0,  The hotel doesn't know where it is either... that was my favorite! How poopie is that.,378
0, - thelovelybones: I plan on owning this â€¦donâ€™t judge me. http://tumblr.com/xr0238tmq,379
0,"  This year, 5 million children from hunger-related causes.  http://is.gd/17Eo4",380
0, - ticketsandpassports: Â lmao your not a nerd. i think its cool when guys like anime. http://tumblr.com/xqn1x1tue,381
0,  To all the mothers whose day may not be so happy. God loves you. TLC - Waterfalls ? http://blip.fm/~5zi9g,382
0,  Today is not a good day. But I guess laying around the house in your undies isn't so bad.,383
0,"  went to maggie's bday party, came home without my phone... I feel lost, and reaallly confused (but thats just the booze talking)",384
0,  when will RB2 get an australian release date???,385
0," !my grandma just told me she thinks I'm stupid. Well, hey thanks, G.",386
0, #betseyjohnson why are you doing this to me? This necklace is $150 rather than the usual $50-60 I want it  http://twitpic.com/6ioi8,387
0, #IMISSCATH #IMISSCATH #IMISSCATH #IMISSCATH #IMISSCATH #IMISSCATH #IMISSCATH #IMISSCATH #IMISSCATH #IMISSCATH #IMISSCATH #IMISSCATH,388
0, #p1wimax no signal detected here at the gardens,389
0, #trackle,390
0, &quot;Beach Ball Fail&quot; - http://cheezburger.com/tw/?v7-20659 #lol #fail,391
0, &quot;It's raining again&quot; (c) Supertramp,392
0, &quot;you have to do it all alone&quot;,393
0," Apparently the 'new' 3.0 is the same build as the GM, meaning I'll likely have the same [minute] issues I was having with the GM. #mlia",394
0," Archie's annoying me this morning, says I hogged the bed all night and won't get up for his shower, him and his little black kettle self",395
0, are you ok @zheyamada ?,396
0," Argh, the speakers on my Macbook are screwing up, and slowly dying.",397
0, at Chris Brown . . . I honestly dont feel bad for Rihanna ; anyways . . . Out nd such . . .,398
0, at last night ,399
0, at work ! Fuck !,400
0, at work and got loads to do b4 I leave today. Toodles lufflies xxx,401
0, attempting to get other people on twitter(other than cate)  to talk to me but it is failing,402
0, Aw. Toy Story 3 is coming out NEXT year.,403
0, awesome  http://twitpic.com/6ikhd,404
0, AWW I GOTA DO HOMEWORK,405
0, aww someone borrowed it without telling me.,406
0, Awww derek is at work back to making kandie with the little ones  :o,407
0, B- in genetics so that's a 2.75 towards my GPA. What really sucks is that I got a 79.75% in the class and an 80% is a B.,408
0, baby died last night. @$%%$# day.,409
0, baby girl's so upset.....i'm not where i need to be with my sewing... and it's almost 10pm and i'm finally eating a little dinner..sigh..,410
0,"- back from cali , missing itttttt ",411
0,- back pain ,412
0, bad day 2day. Broken glasses  rainy weather  uof,413
0, bad night for the pens,414
0, bad timing- a new mommy just called for newborn pictures and I can't fit the baby into my schedule no matter how hard I try,415
0,' bank account is negative $118... ,416
0, bcd's closed! i guess nodaji it is.,417
0,"- bed ; I gotta get up early  , only 5 more days of this bullshit  . SUMMER!!! &lt;3",418
0, bed time......................................................,419
0, bedss gayyyy ... oh well Goodnight people  @technotetris and @ShaunAcland ;D,420
0, being afraid of food is an eating disorder right?,421
0, being told im beautiful doesnt make my tummy better,422
0, besides that great graduation day. I finaly made it I'm a highschool graduate ! Moms word .. Chapter close .. Keep pushing foward.,423
0,"  still no phone. bukas pa raw in the afternoon...  oh well, i survived 7 days, what's one more... day...  another day, another destiny",424
0,  The iPhone will be out of commission for a while.,425
0,  Things are not good in my head. I may not be around a lot this weekend.,426
0,  try and enjoy ur family &amp; I am here if I need anything-anything!!!. Love you Sis-be brave &amp; I know u r strong ur in my prayers,427
0,  twitter wont let me send replies today - boo hoo,428
0,  ughhh..,429
0,  UVA baseball...   Come on boys you can do it,430
0,  water works are gonna start,431
0," - Well i wrote a missive post about last night and all the things that happened, it got deleted tho by... http://tumblr.com/x9c238auy",432
0,"  well, I guess I knew it was going to break sometime...",433
0,  why is it raining?,434
0,  why me?,435
0, #squaresp #squarespac #squarespace #trackle giveaways giveway iphonegiveway squarespace squarespce trackle,436
0,- &quot;......you were asleep while i gathered my things in the dark. the burns on my fingers were all that was left of the spark...&quot; - ,437
0, &quot;BBC NEWS | UK maps climate change forecasts&quot; - The picture it paints is an alarming one ( http://bit.ly/69AYs ),438
0, &quot;I'm giving up on you. I don't care how you mess up your life now.&quot;... :'(,439
0," &quot;Meteorologists Predict Chilly, Rainy Midsummer | News in Finland| yle.fi&quot; + thunder  ( http://bit.ly/15TpJC )",440
0, (angry) mixed motions! but soo frustrated x( http://plurk.com/p/13s5mg,441
0, (mood i am in),442
0, *hugs @ignorantsheep*,443
0, *sends you e-hugs*,444
0, *tear*,445
0," *cries* I'm so depressed, thanks to you my angel! &quot;I'm gonna find someone someday who might actually treat me well&quot;!!",446
0,"--- *On my way to the doctors with my Duo, my ass hasn't even had breakfast yet  lol",447
0, *sob* must be in bed!!,448
0, *wishes she was at summer jam*,449
0," , school! GrRr im not in the mood to take my make up back off then put it on again when the teachers leave!",450
0, . Sunday is over.,451
0, .. why the jonas are bad with us !! come to paraguay,452
0, ... UghH... Anybody wanna come to my house and cook? My mom is leavin for work and aint cook me shit !... Can't trust dem hoes!!!,453
0, ....  i don't know what to do..,454
0, .... i think i lost my spanish book!! :-X,455
0, .... Life can be so complicated. I know God has a plan .... I just have to trust in him.,456
0," ......... Oh well, at least Suzumiya Haruhi no Yuuutsu is on air.",457
0, .........not really a good night guys ! buu huu,458
0, ...I did not get cast in but I will keep looking for some dance opportunities.  I need some exercise.,459
0, ...the ground around me is wet... i looked up to see if any drops fall on my face...it was drizzle all around but I am missing my drops,460
0, ..i forgot to bring my new sharpie pens to school today..booo!,461
0, ..omg...my celly is off...this hasn't happened to me in years...WTF!!! gota get my bill paid,462
0, :'( this is so horrible,463
0, :'( where ius that one person that can make me smile ,464
0, :S this tweetdeck is killing me hate it ,465
0, @ last.fm not working.,466
0,"- @alexjreid - saw that earlier, can't even comprehend what that couple were feeling. Really tragic ",467
0,- @benboychuk I hope it's not actually on here birthday that she's getting shots.  ,468
0," @billbeckett's signature has 100% rubbed off my mondayeyes bracelet. At least I have plenty of autographs from him, but still. Sad day.",469
0," , Alllllan ruins my lifeeee.",470
0, . I was want to buy the sims 3 . But it sold out . Wtf . Haha..,471
0, .. just ,472
0," .. yep,i have things my way all the time. i am selfish. everything revolves around me. yep. im a bitch. great for me (Y) =|",473
0, ... ...I don't wanna get rid of twitter  You guys are too cool...,474
0, ... i try... i try so hard... and i seem to get no credit for it.... wats the prob?,475
0,"- ... wide awake, but dont actually wanna go to school :S  xxx",476
0, .... Dream beautiful.,477
0, .... now only have one roommate....,478
0, ..... Im givin myself 5 minutes to turn that frown upside down,479
0, ......i cant even say a word right now,480
0, .....why am i so sad??...becuz of u or becuz of the exam??.....i think..becuz of u... ,481
0, ...?                   ..frustrated?,482
0, ...and i feel a shallow breath that squeezes past the fifty pounds of stone laid in my chest.,483
0, ...just found out that a friend from my childhood has passed away... May he Rest In Peace.,484
0, ...still in the office... ,485
0, ..sniffles... since I dont get to leave this fucking house...AW GREAT the power's gone. and its getting dark.. Puurfect!,486
0, / I feel so ... ... Left out,487
0, ::sigh:: we didnt win the contest . stupid popularity contest. i had so many votes for her also.  im realy sad. i had such a good feeling,488
0, ;( noooo! why? things are so complicated if I spelt that wrong idc,489
0, ;( noooo! why? things are so complicated if I spelt thy wrong idc,490
0, @ JFK International Airport http://loopt.us/PPYZTQ.t,491
0, @ jonas brothers youtube bein suspended,492
0, @ moval court 4 a traffic ticket..I should b sleeping..aahh.,493
0, @bananarchy_atx sold out of frozen bananas today!   http://mypict.me/2QIM,494
0, @beckobviously i have no car to come to you either.,495
0, @belllareow has disappeared again ,496
0,- @billyraycyrus oi tell your daughter to lower her ticket prices we cant afford it in london  my sister cried.,497
0,"- @brooklyn_belle LOL. &quot;cat.&quot; I'm a huge fan. Also, the more i think about it, the more I think you should hold off on Sims 3 ",498
0," @cnnbrk: Farrah Fawcett, star of &quot;Charlie's Angels,&quot; has died from cancer at 62.",499
1,              omg its already 7:30 :O,500
1,       Juuuuuuuuuuuuuuuuussssst Chillin!!,501
1,      handed in my uniform today . i miss you already,502
1,      hmmmm.... i wonder how she my number @-),503
1,      thanks to all the haters up in my face all day! 112-102,504
1,    Feeling strangely fine. Now I'm gonna go listen to some Semisonic to celebrate,505
1,    You're the only one who can see this cause no one else is following me this is for you because you're pretty awesome,506
1,"   goodbye exams, HELLO ALCOHOL TONIGHT ",507
1,   uploading pictures on friendster ,508
1,  (: !!!!!! - so i wrote something last week. and i got a call from someone in the new york office... http://tumblr.com/xcn21w6o7,509
1,"  ... Do I need to even say it?  Do I?  Well, here I go anyways:  CHRIS CORNELL IN CHICAGO!  ... TONIGHT!    ",510
1,  ... health class (what a joke!),511
1,  @ginaaa &lt;3 GO TO THE SHOW TONIGHT,512
1,  bathroom is clean..... now on to more enjoyable tasks......,513
1,  boom boom pow,514
1,  go give ur mom a hug right now. http://bit.ly/azFwv,515
1,  Going To See Harry Sunday Happiness ,516
1,-  I always get what I want,517
1,  I bend backwards  ,518
1,  i get off work sooooon! i miss cody booo. haven't seen him in foreverr!,519
1,  I hate allergies. Should I get my hair cut tomorrow? I'm taking a public poll...,520
1,  I'm really going to bed now...,521
1,  Jin has a twitter.,522
1,  just gonna smile...cuz it is what it is..and im not sure what more they could want..,523
1,"  Just got home, and I got to see my friend Zahra whom I haven't seen since We graduated!!!  That makes me so happy.",524
1,  oh thank you!,525
1,  pleased,526
1,  Rose and ood will be back in the Xmas Who special!  YAY!  Damn that's half a year away.,527
1,"  Thanks, I need all the help i can get.",528
1, - that explains alot.,529
1,  There's going to be a Heathers sequel.  Winona4ever!  They better not fuck it up.,530
1,  trae is so sweet! He just bought me a new baithing suit!! Wove him ,531
1,"  True, highly subjective of me there. Tombre was actually my favorite character in the book. You got me  - http://is.gd/13be0 - Rishabh",532
1,  wide awake   NOT!!!,533
1,  yeah me too. Its been awful weather here for the last week so that stinks. Kristis comin down and moe said mmmaybe he take us for  ...,534
1, #poemsunder140 ....started by @shannonelyse1,535
1," &lt;--- That is all, and believe me.. it's enough!",536
1, &lt;3 goooood timessss,537
1, &quot;I know you hungry so lets go outside on the balcony so you can eat&quot;....,538
1, &quot;The 10 Men a UK Female Internet Entrepreneur Should Know when Starting and Growing a Business : The Next Women&quot; ( http://tinyurl.com ...,539
1, &quot;The truth is hiding in your eyes&quot; @patita @MissMarian  Paramore ï¿½ Decode @Daninho502  ? http://blip.fm/~5ytke,540
1,-- *hummin* I SAY &quot;shut up &amp; put your money where your mouth is&quot; ...headin' out to reality. Cheers Twitter world! ,541
1,-- . *sigh* You cant love someone that doesn't love you back that's like stalker status . GET a divorce &amp;&amp; move on . Trinity. ,542
1,"-- . Aiqht Goodniqht . Tri, Neena, Malcolm, Chaise , JLew, ATL &lt;333 Love Much . ",543
1,-- . Triiiiiii .  ily . even if Chaise doesn't . =D *dies of laughter*,544
1, ..... hot choco is the best!,545
1, : Beach day with Scoobs. =( : Still no phone.,546
1," :-D ))))))))...WHAT AN AMAZING NIGHT,DAY &amp; NIGHT AGAIN!! HI TWITS! I MiSS U GUYS",547
1, @ canaveral national  seashore,548
1, @ progressing in the production department with &quot;The Uprizing&quot; thats the priority getting the head nodding beats and then we reach out,549
1, @ taylorrhicks enjoy chicago..b new venue is always cool. You shine everywhere you go. I know who you are. In time so will everyone. ,550
1,' @ Thestreetforce  ',551
1, @3sixty5days makes me smile.,552
1," @adamisacson My first day off in 3 weeks, and my child got up before 7:00. So watch for me on &quot;Nancy Grac.. http://tr.im/khKW",553
1," @adbert: &quot;#Video [Woody Woodpecker â€“ The Barber of Seville] I am great, @klitoria, just wishing to be a ch... â™« http://blip.fm/~7g6r0",554
1, @alexrauchman I am happy you are staying around here. Drexel is a fabulous university. You should be proud. yeah.,555
1," @ange_black @sween I call dibs on the Voltron arm. No the leg. Wait. Where are my manners? @baileygenine,.. http://tr.im/oERy",556
1, @CharlottegC I just saw ur mum,557
1, @chloelunn and @meganmcdowell GET YOUR FAT ASSES ON HERE. NAI.,558
1,"- @codinghorror See, three external monitors on one laptop, http://www.twitpic.com/6e3zp Win7RC  1 x 1920x1080, 2 x 1280x1024",559
1, @copicmarker&quot; facebook.com/copic.marker if you're cool. Or if you're not cool. Maybe I'll send some cool .. http://tr.im/oyT7,560
1,' @crewislife  you want to start the morning later; in New York we can do that  (Californians have it even better),561
1, @cybervenus http://twitpic.com/75kwb ~ LOL LuV IT! &gt;&gt; http://twitpic.com/75hsg Did any1 find or c 1? #a.. http://bit.ly/mUMFh,562
1, @dandelionas is making fettucini and garlic bread!,563
1, @danregal  tell @pfont i said Happy BDay!! ,564
1," @DirtyRose17  told you, you would sweep haha :-p",565
1,"- @haugern The servers are now backup, if you experience any more problems then please let me know  Sorry about the delay...",566
1," @hawaiibuzz: &quot;yes, i am lol j/k luv this! @DJDolceVita: &quot;you are like a gentle breeze that has blown throug... â™« http://blip.fm/~7s7mn",567
1, @hidingesther @linininiooh are my future rooooooooomies! NYC holleR,568
1, @Hijack_King7 I hope u have cheeSe burgerS 4 @Snubbmatic LMBO,569
1, @iamyas awesome,570
1, @ivegotzooms I am nothing of the kind and everything of the sort http://tr.im/mLsn,571
1,- @jerrybattiste &quot;..pick up some flowers for the teacher..&quot; I'm jealous! I want flowers without having to be in the hospital to get them! ,572
1,- @joaoqalves Think again   Talvez seja do Ãªnfase na cifra. Mas atenÃ§Ã£o: &quot;Security is a chain; it's as strong as the weakest link â€¦,573
1,- @kaitymarine - watch E3 @MCMudkips - Will do ,574
1,- @katherineholden Thanks K! Here's hoping! Pretty nervous though... ,575
1, @kcome ?????????????????????????????????? ????????????1000 Followers???????????? http://tr.im/mWKn,576
1," @khead I'll tell ya, grocery store. It was better when you blasted the oldies. Sugar Ray does not make me.. http://tr.im/jd0y",577
1," @LHSOPERAFIENDS yall bitches better wake up early to go to the LA Opera, kay!?",578
1," @masareus&quot; @dhempe congrats bhai, but like the oldies in &gt; used to say - arre bhai kuch kam ka http://tr.im/ox5G",579
1, @MelodyChase,580
1, @mgph3nom chilling on twitter via my spanking new blackberry w/ unlimited internet : http://tr.im/mZVC,581
1, @michaelsarver so do you give him every inch of your love every night?,582
1, @mimbles @WParenthetical,583
1,' @minghao Maybe you can pop @StarHubCares a tweet. They are quite active on twitter. ,584
1," @MsNovember It's a shame all the women in Mamma Mia are so horny, since all the men on this island are so.. http://tr.im/kmET",585
1,- @nibaq Thanks for letting me know. I'm going to check out Eureka later with this knowledge ,586
1,"- @PoisonGirl10 What's up? @sevgli Hey you!  @lowridergrl I'm doing ok, thx. You? @cristinerafae You, too! TTYL! @Nic0pic0 Oh, sowwy! lol",587
1, @RAPPUBLICIST HAPPY MOTHERS DAY!,588
1,"- @raybooysen I knew Sharepoint was written by interns, I just knew it !! ",589
1,     I am happy     ,590
1,   Faltam 4 dias para o World Drawing day,591
1,   haha omg. stayin steezy &amp; mowin the lawn... loviie still here &amp;&amp; goiing tanning soon.,592
1,   i wanna play with my camera but i will settle for playing with iv's and heart monitors,593
1,   lol all these #robotpickuplines are hilarious ,594
1,"   man, oh man     (i should punch myself in the head, but im ok with that)",595
1,"   my friends can get with ur friends and we can all b friends, shit, we could do this every weeknd.. Aiigght?  with coop n the crew",596
1,   such a beautiful satisfying day of bargain shopping. loves it.,597
1,   thank god today is friday !!! I love Ti Ti! &lt;3,598
1,   thrilled about being at work this morning   ,599
1,   we break dance not hearts by Short Stack is my ringtone.... i LOVE that song!!!.....,600
1,          my life is very lazzzzyyyy!!!!!!!            ***********,601
1,       ish in a good mood .....tlk to me,602
1,-     J + A MADE NiCE..... TWiCE!                     for now ;],603
1,     loves life atm!   its brilliant XD,604
1,     who else is in a happy mood?? =D,605
1,    !BYE EVERYONE!   ,606
1,    SO FAR SO GOOD!,607
1,    TODAY WAS A GREAT DAY!!!,608
1,"   a lot, a lot, a lot, a lot, a lot, a lot, a lot, a lot, a lot, a lot, a lot, a lot.",609
1,   Tiger Woods is up by 2at 18 via http://nascar.com/racebuddy,610
1,"   yippeeeee yay lets gather in the hay...HIS LOVE FOUND IT'S WAY+ boy,it's Gonna STAY added 2 the Master's HOLY WAY: ALL HIS WILL+WAY",611
1,       Hardest working chica i know( mii boss lady) @MoneyAceweather (look up to her seriously) lOl,612
1,      thanks for being the bestttttttttttttttttttt J-dawg,613
1,     praise God for this beautiful day!!!     ,614
1,   @Lakers!! I love you guyssss! Those rings.. Mmmyeahh! Bling blingg,615
1,   @PERFEKTnCHANCE (Chance) is Boo #29,616
1,   @Standing_Stones  Thank you very much for the DVD suggestion!  Very nice of you!  Looks good.,617
1,   had a WONDERFUL day  G_D is GRRRRRRRRREAT!!!!!     ,618
1,   I have passed 70-542 exam today   ,619
1,   I want to write a song. I think I will.,620
1,- @serialseb Always thought time estimates should use 'value of Pi rule' (x 3.14). Only exception being 'Pi squared rule'. ,621
1, @SirKenRobinson Creativity via Twitter http://bit.ly/HVTHS,622
1,"- @SlashHudson you tease, i wanna hear the tracks!! ",623
1, @soultravelers3 http://bit.ly/H9Nqe  15 TravelTips 4 student safety in roughplaces,624
1, @SRenaeNae... What is 'FML',625
1, @sweetlilmzmia: &quot;Gotta LOVE Blip.fm - John Mayer Trio - CALIFORNIA DREAMIN' as heard on Conan 06/04/2009 ---... â™« http://blip.fm/~7qdf0,626
1, @Thatsrightnate ~ Just in case you need some help w that:  http://bit.ly/12nP1H,627
1, @THEDIAMONDCOACH  Im sure he'd love that LOL,628
1, @theenglishmuse on &quot;Karl Lagerfeld&quot; 's Twitter profile(s) lol!  Heart the first pic http://tinyurl.com/cbl6tm,629
1," @weselec My avatar can't figure out what you people are, either. http://tr.im/jj70",630
1," @yhf What happened to movies, anyway? It's like Hollywood forgot: in rough times, the public wants to see.. http://tr.im/mZ8l",631
1, @ZOEBOE: &quot;whoops credit is due to   &gt;&gt;&gt;rb@MusicIsMySunshine:  &quot; ? http://blip.fm/~7d4pk,632
1, =&gt; How not to exit a Cessna 206 #skydiving http://bit.ly/16ZZJ7,633
1,"- 20 chicken mcnuggets, 2 double cheeseburgers, large fries, and a lemonade for dinner. Why you may ask? Because I hate my body. ",634
1,- 400th tweet (!) breakfast: everything bagel toasted w/cream cheese with an iced cap... delish ,635
1, A blessed sunday everyone!,636
1, A dog riding the bicycle http://bit.ly/gvMzD,637
1, A problem shared is a buck passed,638
1, à¸”à¸¹à¹?à¸šà¹„à¸•à¹‹ hitech,639
1,  am quite tired can't wait till wwe at burswood &lt;3,640
1,"-  awake, and ready for the day ",641
1,  Being NASTY in the studio with my woman!!!  Go SLEEPIES!!!,642
1,  feeling ok for the first time in a few days. thank you!,643
1,"  found a new way to text him, yey!",644
1,  going for a paddle 2moz ,645
1,  Good Nite.  I hope Grandma visits my dreams again tonight.  Last Night was uplifting...  I miss her.,646
1,  Goodbassplayer... that is funny.... ;)  OilIPO.... I hope the people that will bring us good things are started early this week... ,647
1,  I'm here to tell ya ... very yummy.  Decided to go on a hunt for blender drinks ... know any good ones?,648
1,  is listenin to my new fav band more amor,649
1,  Just another day in paradise. ;),650
1,  love you! &lt;333,651
1,- about to pop in a movie &amp; chill a bit... get it innnnn.! call n text ,652
1,- about to swim ,653
1, ahh school on monday!!!! not ready,654
1," ahhh. Drizzy. Mr. Rogers, you are indeed the best.",655
1, All the small things...,656
1,- always a nice thing to wake up to. yay. :p (gosh I'm such a typical lame overanalyzing teenager) lmao  / had a nice nap.,657
1, am excited,658
1, Am feelin very happy!? ,659
1, Am I feeding the Pig'?,660
1,-- An alarm clock is a device for waking up people who do not have small children. --- ,661
1, anoron.reedcourty.operaunite.com/webserver/content/ home.sch alternatÃ­va ,662
1, Another Friday night of Rock Band,663
1,  : D a million making a difference. I can't help but to believe. I came in believing &amp; I will leave believing GOD IS!,664
1,  Good morning all! Have a great day!!!,665
1,  having a luvly day http://tinyurl.com/ckbmkc,666
1,  he is so hot !,667
1,  hmm what to do!,668
1, - Iowa No. 2 in happy! Yea!,669
1,  just got home,670
1,  just saw sink into me the whole video on kerrang! ive seen it before loads but its so much better on tv!,671
1,  My mom is the funniest person ever!  ,672
1,  Pie seems to have quite a good appetite now.,673
1,"  NHL: Penguins 1, Red Wings 3 - FINAL - Red Wings lead series 1-0 - for stats, stars and more visit http://www.nhl.com",674
1,  R.I.P young teke!!!  i miss you cuzin!! &lt;3     it has been 1 year sence you died. . .    [Dont be ashamed of your faith],675
1, - she is amazing -- Bjork ï¿½ Bachelorette ? http://blip.fm/~4lfyi,676
1,  Thank you.    @Kyauphie,677
1, #andyhurleyday,678
1, #ASOT400,679
1, #followfriday @n3rin3 @jurgenphoto @shaneaddinall @robi27 @dannyvan @byronrode @tattood1,680
1, #mcflyforgermany #mcflyforgermany #mcflyforgermany #mcflyforgermany #mcflyforgermany #mcflyforgermany #mcflyforgermany #mcflyforgermany,681
1, --&gt; that was then. ='( --&gt; this is NOW.,682
1, &lt;3 this pic If u want more tell me cause I got more   http://twitpic.com/6vsv8,683
1, &lt;---My expression watching this again: http://tinyurl.com/eqbwe,684
1, &quot;I'm a freelance writer for Braille porn and a stunt double for a hand model for Palmolive dishwashing liquid.&quot; [from @ShinyHappyHead],685
1, &quot;Im in love and I don't care who knows it !&quot; -elf,686
1," &quot;Y must people insist on talking about stupid politics on the comments of a bubblegum pop song. Sorry, get out&quot; http://tinyurl.com/ljgec2",687
1, -as simple as it gets.,688
1," at my tweets: 1 lady saying goodnite, 2 tweets later 1 lady is saying good morning - that's crazy - i would never imagined this yrs ago",689
1, at the nursery. the wailing have just ended. all sleeping soundly. working morning shift tmrw. grr,690
1, AT THE RANDOM MENTION ABOUT CORE 2 &quot;DEALS&quot; THAT ARE ALMOST TWICE AS MUCH SENSE AS IT'S NOT TIED TO HIMSELF ABOUT TV EVERY NIGHT.,691
1, awake...finally..random dream...i was a penguin but i lived in jersey and i oddly lived in a icecream store lolz ,692
1, awesome black coffee... anyone?,693
1, aww great song &quot;Picture to burn&quot;,694
1, baby sitting today.. shopping tomorrow.. Rue 21 Is the best Ever.. ,695
1, baby you like my favorite dessert I just can not get enough of you love you I'm yours 4Eva,696
1, Back to basics ,697
1, BAHAHAHA  me and jodie burst out doing kevin's sos dance!  EPICCC XD,698
1, Bas one last time 2 update my status ,699
1, baseball.,700
1,- been up for 2 days straight. LoL. i NEVER sleep. ,701
1,  such a nice day,702
1,  Summertime by DJ Jazzy Jeff and The Fresh Prince,703
1,  the weather is lushhh!,704
1,  third date went well....moving on to fourth!!!!!!,705
1,  To The Death! An awesome random comic for the certifiably not sane. (  ),706
1,  twilight !!!,707
1,  two more days.,708
1, - 'What Canadians Have to be Proud of' http://bit.ly/NX4aQ,709
1,  xD go day!!!,710
1, - yay for STAR testing week! I start school at 11am this week and I have no school on thursday! maybe SF... http://tumblr.com/xvq1mln1l,711
1,- #Hello #World! This is where i live: http://twitpic.com/6bo0t #beautiful #5am #woop - bed now ,712
1, #shortstack #tokiohotel #shortstack #tokiohotel #shortstack #tokiohotel #shortstack #tokiohotel #shortstack #tokiohotel #shortstack,713
1, &lt;*~Free!~*&gt;,714
1, &lt;----that's me smiling.,715
1, &quot;Nintendo DSi Portable Game System - What Will You and i Do?&quot; ( http://tinyurl.com/b3yobq ),716
1, &quot;Promote My Site - Getting to the Front Page and Other Places in Social Media&quot; ( http://tinyurl.com/dflzg4 ),717
1," &quot;The universe is a living being, and it's conscious, and it's very old. And it cares about itself in lots of ways.&quot; Drunvalo Melchizedek.",718
1,- &quot;the world makes music for people who listen &quot; ,719
1, &quot;Will Diggâ€™s New Share Feature Pollute Twitter?&quot; ( http://tinyurl.com/ncqkm5 ),720
1, *exited* I just bought some oreos!! I hope everyone likes oreos..,721
1,-- . BABBBBBBBBYY .  I missed you MUCH!!,722
1,-- . well then you gon have to stop w. that . &quot;IDC&quot; shit. JUST be faithful like *points to em* MOI! ,723
1, ... its JONAS DAY!!!!!!!!,724
1, : The Last Gadget http://tinyurl.com/pd4wyp #Geek_And_Poke,725
1, ;) July Flowers (July 2009) #Holiday,726
1, @aaronXnow finally got twitter haha,727
1, @aChAotIcBeaUtY,728
1, @Aimee_B_Loved I think there may be a connection between Paul Reubens and the reason why movie theater fl.. http://tr.im/nfKO,729
1,"- @alittlebit - temperature is down, but the pain is still bad. Hoping antibiotics kick in soon! Thanks for asking ",730
1,"-- @anyamanda said I tweets less these days so, hi! ",731
1," @AuroraLee Would love to see you guys sometime! *grin* - and aw rats, maybe it'll warm up real fast??? LOL",732
1, @blackswan2 &quot;to all you&quot; ? http://blip.fm/~7d1qo,733
1, @blondediva11 What happened while I was gone? Anybody get arrested http://tr.im/koFz,734
1,- @breegeek I'll know if u can't find a replacement 4me. I'll still pay u if not.  I won't let u hang,735
1, @canuckgrrrl Seeing a guy dressed up as a banana totally made my day. Phallic symbol FTW http://tr.im/mVTm,736
1,- @carole29 yep  coz of the England game on Wednesday,737
1,-- . =D There's my BOO.  *Blushes*,738
1,-- . BYYEEE . ILY2 Jamarcusssssss ,739
1,-- . You aint gotta apologize. I know I'm not ugly. ,740
1, ...that is all,741
1," ;) Butterfly Day (Jun 19, 2009) #Holiday",742
1, ??? what does it means ?,743
1,- @ work.. || Only 5 hours of it today and then weeeekend!  Can't wait for the long weekend to begin! Gonna get some things done for sure!,744
1, @ahugeproduction Praying for my cold to go to my head because a skunk just sprayed my yard. This is the w.. http://tr.im/n8AI,745
1," @AriaaJaeger Created from the realms of Light, pure love commands the fold When you think and speak with love, a new world you'll behold~",746
1, @arjunbasu The music was so quiet that he was sure there was a massive hoax being played. On him alone. I.. http://tr.im/mP2j,747
1," @Canuckflack Speaking as a historian, WTF do you incorporate twitter buzz by upper middle class North Ame.. http://tr.im/oFLS",748
1,"- @cmedders Yes, before the show, I suggested that we ought to do a celebrity deathmatch ",749
1," @CranberryPerson Dear hyper chihuahua, we only have 45 minutes left together on this drive, but I have a .. http://tr.im/lAj6",750
1, @danawalker Washington Capitals would be one of #myweakness as well.,751
1," @daveena looking fwd to a twitpic of selma soon. Cool name, add a k to the end and it's tok'ra",752
1, @dustincary yea I really wanna see a win for him at daytona,753
1, @DWO34 Great to follow @BUTTERFLYWHEEL @DebraWard @chastity_1111 @Cortnee4Christ @DWO34 @DarrenSproat @Sharboubou @mikehanes,754
1, @EightyThreeKid aww I'm sorry bae u kno I be grindin =D BUT I GOT U I SWEAR....I needa go buy an artbook that or construction paper,755
1," @gigia: &quot;@Mama_K: &quot;Nobody told me Violent Femmes covered Gnarls Barkley! &quot; tks, dude!! &quot; ? http://blip.fm/~6svjq",756
1," @idvssuperego Started working on a â€œwarm, fluffy fartâ€? tweet before realizing I donâ€™t especially like far.. http://tr.im/n7J0",757
1, @infobotz News = Google Getting Twitterpated? - http://tinyurl.com/oropl7,758
1, @jazzgotsoul @liveguy lol nooooooooo!!!,759
1, @LadyKeisha @scorpio510 thanx for the post &amp; the warm wishes.. enjoy ur day!,760
1, @latuacatante17 youu welcomee,761
1," @LisaBarone If, thru the miracle of modern science, Bruce and Danny had a child...",762
1," @loic Now try sex in bing, deactivate safe search and go to video. You are now on a porn site without lea.. http://tr.im/n18y",763
1, @MICHAEL_CASTRO is not at 902  thanks!,764
1," @mrjoecool well praise the lord 4 gud moods i kno i need 2 b 1, im workn out ma thighs &amp; these dark clouds is scaring me",765
1," @oliveshoot aw, sweet Leslie was tweeting luv last night!  You are my #1 and absolute FAVE!",766
1, big ass kool-aid smile on my face from talkin to my boo...,767
1, blowdrying my hair,768
1, bored........doing nothing at all....okay...i'm a pretty shy girl...,769
1, BOREDDDD  going to do powerpoint,770
1, bosco graduation then sara's voice recital,771
1, breakfast with family,772
1, Britains Got Talent on RIGHT NOW ! Good luck Susan Boyle ;),773
1,"- but suddenly something happens, I write it in Portuguese ",774
1, Can't Wait For Hills Finale Tonight! â™¥,775
1," Can't wait for the weekend, BMTH on Saturday!",776
1,- certification test #2 at 8:30 this morning. Feeling much better about this one today ,777
1, changin my name to ambergirl66 ;) haha my youtube name and it mathces my background ;),778
1,-- chilling with my niggahz Haley and Dylan ,779
1, chocolate cake with a delicious strawberry yummy yummy,780
1," church with matt,was...good. I think I'm going to be a 'churchgirl' now. )",781
1,-- city tonight for mae! ,782
1," come to manchester while your in england  id love to meet you  did you have fun in germany? its beautiful, i love it. (L) xx",783
1, Coming up to the home stretch now with this J/M fic. YAY!!,784
1," Congrats to AL's newest state Senator elect, Democrat Mark Keahey. http://is.gd/MRr3 #alpolitics",785
1, Content.&quot;made a pac lets see how long it last&quot;,786
1, cookies the first time,787
1, def. i have no studio so ur jus gunna get the lyrics [shrug]  @ExoticBella_,788
1," Didn't have time updating because was 2 busy enjoying this &quot;love making, sleep with no clothes on, &amp; eating bbq&quot; weather. I miss this &lt;3",789
1, dinner &lt; bath &lt; workout &lt; run,790
1, Diplomatic husband to his wife &quot;How do u expect me to remember ur birthday when u never look any older?&quot; (via @normaltusker @nehabagoria),791
1, Don't forget to vote today! http://bit.ly/3MG0r,792
1, @Dayngr TweetWrath I think I just coined a new word where is that twitter dictionary http://tr.im/nyYv,793
1, @DJWiLLGATES,794
1, @essentially_me Funny fact: @sween has about 3x his town's population following him on tumblr. How does h.. http://tr.im/lCEl,795
1," @fernandofelman am gonna miss you too. if it's really gonna be 2-3 years, i might end up visiting you in Aussie land (i wish)",796
1, @Grahamapalooza @RoniBryantMusic @Rob_in_Grantham @BananasMel @joetech @joecopas2671 @britespark @r0ckrulez @johnnybeane @bsideofSoccer,797
1,- @hannahradford is taking me to lunch today ,798
1, @jessdelight: LMAO @liveguy,799
1, @joeschmitt Twitter maintenance on a Friday night? They really haven't been listening if they think we wo.. http://tr.im/nDkq,800
1," @johnmaeda Are you a .EXE (do-er), .PPT (talk-er), or .TXT (leafy potted plant) http://tr.im/oBOf",801
1, @krystynchong that's a lovely compliment. thx much! ,802
1, @ksymmonds THANKYOU ,803
1,- @MelbourneVixens Awesome 4th quarter ladies! Great game ,804
1, @netfart quite the opposite,805
1,"- @nikkofelipe night, and thanks for the call ",806
1," @PAN1F @OregonMJW No, I do know the difference! Like I say, it's been a long time. A very long time http://tr.im/nJOo",807
1, @PhillMason @Philoscribe Thank you. I am genuinely grateful,808
1,- @PinkElephant73 So pretty much you look like a candy floss machine today ,809
1, @prblog @steverubel posterous looks like tumblr for iPhone? looks interesting. can you fold this content .. http://tr.im/nhcv,810
1,-- DT tonight; DT tomorrow day &amp; night   beauty.,811
1," elise and melanie are the SHIZ,",812
1,- Every so often I catch my own reflection &amp; think .. Now that's one cool son-of-a-b*tch .. today's one of those days ,813
1, Explore twitter,814
1, Famed Michigan bookstore to close its doors http://u.mavrev.com/bc7v,815
1, FIELD TRIP TODAY  LEAVING NOW :3,816
1,"- finally at home ; bout to napp , then get ready for college tomorrow  ughhh ; sooo excited !",817
1, @rickswift #followfriday these ppl or catch crabs @KarlKleese @lpjdesign  @LostZombies @pinkraygun @BittenbyBooks @hippojuicefilm @zazzle,818
1," @SandyU @MightyBoognish @kittyireland It's light with a bit of punch. Mission=San Francisco gin, Mexican liqueur, seemed an apt name.",819
1," @Savage_Death55 I am super emo about stupid stuff rn, and SG is making me feel better. :p",820
1, @ShawnaShameless &amp; @killavilla if anyone else said something it's to you too.,821
1, @stevijean yeahuhh,822
1, @ThisChicsFlava: @DaPrbmChild lmao&lt;3,823
1," @zeldman just said on Flickr re a Mac that wouldn't install OS X (yes): &quot;As user-focused design goes, this is an exploding colostomy bag&quot;",824
1, ~ LVATT IS COMMING!!! ~,825
1, =] happy sunday =] ,826
1,--- 2009 NCAA National Softball Champions UW Huskies ,827
1, first days are always good..wish my dentist gave me more hours though,828
1, Found a way to make this Private woot woot,829
1, fucking rur mom,830
1,"- Fwd: Good Morn,happy birthday !  regardless of what ppl said yesterday,they don't realize what happend behind the scene.One of the  ...",831
1,-- getting a Mani + Pedi with the husband! ,832
1, getting a webcam today.,833
1,- getting ready to watch the Sprint Cup boys try to tame the concrete Monster Mile! hopefully tires won't be too much of an issue! ,834
1,-- g'night tweeties! &lt;3 talk to you all in the AM  - @damesmash haha you have work in the AM,835
1, go follow my personal twitter! @nikkidallasen,836
1, Go Wings! FTW!,837
1,- God i'm up early. Hayley still asleep but today is party day so i'm getting stuff ready.  x,838
1, going home to see my baby   [dont be ashamed of your faith],839
1, going out for dinner with the family ,840
1, going to bed.,841
1,- going to bed. ,842
1, Going to London Expo this weekend  Can't wait !,843
1,"- goingg to sleep  school , then out for pizzaa!",844
1," Gonna WoW for a bit. Later, Twitter &lt;3",845
1, good morning lovely! ,846
1, good morning/afternoon. Things will be great today.,847
1, @only1fe FF @TommyBlack @djksly @Wordsmithmusic&lt;--FF them!Tommy- CHi ALLday K-sly..FLY!!JUNCITY! MANHATTAN!ATL OWWW! ; ) wordsmith fiyah!,848
1, @pageoneresults Online reality blogging &amp; tweets... My Life On the Social Media D-List,849
1,"- @paul_a_smith - ooh, but Clean Sheet Day is awesome!! Woo!  hope you're feeling better now?",850
1, @rabbitroodle  I think I've won the battle over the impending *crud*. Enjoy your drive this AM,851
1,- @rainboweffect Crickey can't think that far ahead - think getting to 2009 followers is pretty ambitious ,852
1," @reidstott Coffee keeps me running. In fact, without coffee, I wouldn't get any exercise at all http://tr.im/mNkZ",853
1, @remysoon,854
1,- @samshafer I bookmarked it and will check it out after I get some sleep. Thanks Sam! ,855
1, @ShannonHerod &quot;It is always your next move.&quot; Napoleon Hil http://tr.im/mR0u,856
1, @sonjatweet ur hot,857
1," @ssandall That's it! Removing bots is like weeding a garden. Not fun, but must be done... eventually!",858
1, @TheNotoriousJEN,859
1, @tjwriter Hubby has Briso on DVD.  I haven't seen it all yet but I enjoy it. I saw Army of Darkness and Evil Dead because of Hubs too.,860
1,"- @ToothFairyHeavn What a considerate Tooth Fairy you are, checking to make sure you didn't miss anyone. ",861
1,' @vangeest We are perfectly on schedule' - Nobody is waisting time today  (Don't mention the Sun again;) Dedicated audience,862
1," @yhf My twenties: Look, a bed! WONDER WHAT WE CAN DO. My thirties: Look, a be--ZZZZZZZZZZZzz http://tr.im/n88N",863
1," @Zaius13 If it weren't for unspeakable things, I don't know what I'd do. http://tr.im/mX1N",864
1, _BellaCullen18_  i've been ok just got through crying with leah * frowns at the thought* we were talking about our dead fathers,865
1, ~ cooking!!!,866
1, ~ ncis!!!,867
1,- 1 follower WOW! ,868
1, 100 followers!  YAY!,869
1, 11:11 makee a wishhh ;)&lt;3 GOODNIGHT,870
1, 11:11. I know what I'm wishing for!,871
1,- 155 days until the JB'concert in Milan!!!!I'm guarding my tickets ,872
1, 21 days of no twittering and i'm back. -.- i think.,873
1, 30 lbs lost since Feb. Still have a lot more to go.,874
1," Good Night ! Okay, I got really nothing to say.",875
1, Good night! Arrgghhhh 5-2 B.P. Do work boys!,876
1, good to hear from you,877
1, good weekend,878
1,- goodnight  ! math&amp;spanish finals tomorrow. spanish should be easy. woo.,879
1, gooooood morning my twitter friends!  Have a nice sunday,880
1, Gossip girl tonight!!!,881
1, Got Escala's new album now.  T'is very good ,882
1, Got new photoshop magazine but I need my Dad's portable CD drive to use the CD with the pics on it D: I think I'm stuck there tomorrow,883
1, gotta love her. glad she had fun. looking forward to the beach w/ her! ,884
1,- Great day people-watching in Berkeley with my bro  I love him.,885
1, great nite,886
1," Great tights, good outfit! http://lookbook.nu/look/160916",887
1, Great.  ? http://blip.fm/~7df6m,888
1," had a good night, love my best buds in the world!!! adamcheeeserosie",889
1, had a Really good night!!! Stoked for things to come!!!,890
1, had an ok day. it went by fast.,891
1, hah! @jonloverobot that was awesome. just listened to you. pretty cool!  i love for crying out loud. ,892
1, haha I really did and I'm about to call music unlimited tomorrow for  Simon..tryin to be like ROD ;),893
1, 63/100 for my MSC120 Assignment that was incomplete!!!! Relief,894
1, actually I might be crazy 'cause I love my job. ,895
1," actually quite happy toady. apart from the agony all over my body, and not being able to go outside :L done some revising so all's gd ",896
1, ah belhblehbleh the familys watching a moviee and yes imm beingg a computerr nerd :p and i wish jerkface would wake up onee daaayyyy!!!!,897
1," alright back onto being bored. going to bed any time soon, have to get up early.",898
1, and hug@ladypn: &quot;Is there a waiting line to get into Club Blip? ;) &quot; ? http://blip.fm/~7d2a5,899
1, and I dunno why but with you I'd dance in a storm in my best dress.,900
1,- Annnnnd @CarlaNix 's website has LAUNCHED :: http://carlaynix.com :: Bookmark it &amp; check back often. Itinerary 2 b added soon! ,901
1,- 5 days to the musical  i'm gonna dance wow WOW wow it's gonna be something like High School Musical ihihih xoxo Petia,902
1, a goodmorning back at cha @moovmnt,903
1, a perfect weekend ,904
1, a pony's clop-clopping down the hill (heard him long before i saw him). this would so not happen in Brooklyn barring a cop on horseback.,905
1, adorei zoffitcha hj... dps ponho foto no tpic. GOODNIGHT TWITTERS =],906
1, aint i supposed to be happy ...,907
1," all done., time to finally start shuting down",908
1," all smiles. im fairly hapy with what has happened yesterday, even though some other had to put a damper  on things *cough*",909
1,- all the snow is gone... that didn't take long... ,910
1, almost done wit the painting tired as crap. Sleep time.&quot;in love with u&quot;- ziggy marley and erykah badu,911
1," also made a masterful roast dinner, followed by apple crumble! .. Yum need gym this week though!",912
1, am 200 updates in Twitter #stats,913
1, am i too immature for a 16 year old? I just really like Ninja ponies..that have only 3 legs.,914
1, haha. Someone i don't even know made me laugh. ryan ross = win.,915
1, Hanging out with Steven Mohler on Sunday! ah :],916
1, happy birthday to me and mom! Why am i always the first one up? So here i am falling off the bed cuz someone is a bed hog  ,917
1, happy face.,918
1, happy that its sunny,919
1, happy to see him,920
1, happy with the way thing are goingg,921
1," Happy, knowing my friends are still my friends.",922
1, happy. spending time with mum,923
1,- Has Just Got Up &amp;+ Is Listening To Good Charlotte ,924
1, has something very special in mind &lt;333,925
1, Have a Nice Day!,926
1, have a nice day... cause i will!,927
1, havent updated in forever,928
1, havin fun my friend?,929
1,"- Healthy Butcher, exclusive cheese, sexy bread, lovely beer, some super sparkly wine &amp; Apple fucking Tango are all inside my belly ",930
1, Heard it on Pandora because that site is THAT cool http://bit.ly/C5Ja3,931
1, hee hee. your so weird. and i did NOT shiver.,932
1," Hey Terri! The game isn't too expensive, but over time, you'll have made quite an investment...",933
1, hey...i'm back..if someone want to talk.. here i am.,934
1, hmm emotionless,935
1, Home finally.Making fettuccine and relaxing my sore feetsies!,936
1, Home sweet home (: finally back XD,937
1, homeish lol..hella fun day  .. Thanks leela thai  .. Thanks paul.. Thanks michelle mufid Cristina kittykat  .. Awkward moose ? ,938
1, any comment on the latest star trek movie? is it nice?,939
1," any day now, any way now. I Shall Be Released.",940
1, AP IMPACT: Alternative medicine goes mainstream http://u.mavrev.com/8kn0,941
1, Apple store... BBL ~,942
1, Are you going to be taking photographs tonight??? :O,943
1, ARRRRRRGGGH!   I cant wait till next weeeeeeeeek!,944
1, AT LAST!! Successful deployment complete.  Soo.....what do I do now?,945
1, At work.. having a postive attitude!!,946
1, awesome,947
1, awesome day! soooooooooooooo happy &lt;3,948
1," awesome! Man, I miss you. I woke up thinking about you....it looks like you've been in my dreams!",949
1, Awesome. &lt;3 TEDDY! &lt;3,950
1, aww dont make me blush!,951
1, Baby strampelt fast im Takt (New Soul - Yael Naim),952
1," back here, I was busy xD Wirting Stars Loves, almos 400 pages xD and listenint AFH and TV ",953
1, hope you all are having a good day/night.............. :-D,954
1, i agree @OasisStasis,955
1, i am back,956
1," I AM BORED, and ew. My dog just killed an insect!",957
1, I am falling in love with Stockington - such a witty wise meow meow!! ^^,958
1, i am musical today!,959
1, i am very happy today! and i don't why?      ,960
1, i beat you video on youtube,961
1, i can't wait to go home and watch danny phantom! While talking to stephen ,962
1, I can't wait to go to Las Vegas! 20 more days! OMG!,963
1, I Cant wait to watch britians got talent !!!!!! I dont like holly :O,964
1, amazing people ---&gt;  @geogurl @christophermc @feiticeira @bittersweetm #followfriday,965
1, An online number lets family and friends call you at local rates wherever you are in the world. Loving Skype http://is.gd/tsgM,966
1,"- Anyone else on Dropshots? My id is katjrobertson  It's password protected tho, so u'll have 2 ask me. http://dropshots.com/katjrobertson",967
1, Arizona Real Estate Specialist - View ALL HOMES for sale in arizona on my website FREE http://www.nicholasmcconnell.com Coldwell Banker,968
1,- At a cabaret with my family; I love them!! .. In my comfort zone ,969
1,- at home eating mcdonalds cinnamelts &amp;&amp; a oreo frosty. ,970
1,- at my grandmas eating good. ,971
1, at the manila right now.,972
1, back from shower.,973
1, back to hotel. time to start work ,974
1, BBL ppl ~ have to go to school~,975
1, Bethenny Frankel Starred In Hollywood Hills 90028 http://tinyurl.com/qytxx4,976
1, bored..yo!,977
1, boring.. wait! i will comment on my friend in FS frst! ;,978
1, bout to party in a tent ,979
1,"' Brokeback Mountain'is so beautiful, and so amazing, and so freaking sad.",980
1, brooklyn bridge for the first time ever. yay life =D,981
1," But caught Bullet Boys, Trixter (Pete was great), LA Guns AND Kix (who stole the show). Hung out backstage like a real rock and roller.",982
1, I DON'T KNOW WHY I CAN'T DM FROM MY PHONE. THIS SUCK.,983
1, I finally have updated from a computer. THANK YOU DAD,984
1, Be careful... white at a BBQ is a high risk. But the dress is really awesome! http://lookbook.nu/look/154056,985
1, Beautiful day here on StT. Bout to head to Magens Bay- soak up some sun. Loove Saturdayss.,986
1," Beboing, Twitteringinging, TVing!  dihd i say i luv twilight yet? Wel... I LUV TWILIGHT!",987
1,- bouta' watch mall cop ,988
1,' camp in confirming that he will be in San Diego this fall for the PRSSA Convention. haha. ,989
1,- Can See clearly now the rain is gone. ,990
1, Can yah figure it outt?!,991
1, Can't see his copper green guys though.. http://tinyurl.com/ppc4cq,992
1," Can't sleep... Must be the time change, right? &lt;3",993
1, can't stop smiling after talking to him all day...  ...Why couldn't I have met him months ago?!?,994
1, Cant waiit! xxx.,995
1, can't wait 'til wednesday!!!! &lt;3 CHAMPSSSS!!!!,996
1, can't wait to get my share of her check today. Lol,997
1, cause i'm happy but disappointed my car is messing up.....my poor baby. now i'm hungry with no way to get food. What's in this house?????,998
1,- change of screen name ,999
